{
  "id": "2413964",
  "name": "个人blog",
  "font_family": "iconfont",
  "css_prefix_text": "icon-",
  "description": "",
  "glyphs": [
    {
      "icon_id": "579286",
      "name": "点赞",
      "font_class": "dianzan",
      "unicode": "e60c",
      "unicode_decimal": 58892
    },
    {
      "icon_id": "2225231",
      "name": "打赏",
      "font_class": "dashang",
      "unicode": "e672",
      "unicode_decimal": 58994
    },
    {
      "icon_id": "19954256",
      "name": "收 藏",
      "font_class": "shoucang",
      "unicode": "e629",
      "unicode_decimal": 58921
    }
  ]
}
